ssn|cc_num|first|last|gender|street|city|state|zip|lat|long|city_pop|job|dob|acct_num|profile|trans_num|trans_date|trans_time|unix_time|category|amt|is_fraud|merchant|merch_lat|merch_long
406-83-7518|4238849696532874|Ann|Williams|F|26916 Carlson Mountain|Joplin|MO|64804|37.0465|-94.5103|72274|Seismic interpreter|2001-12-26|947268892251|young_adults_female_urban.json|d101592c32fd22a47390bd865ea964bb|2022-01-19|03:07:45|1642561665|grocery_pos|11.51|1|fraud_Goldner, Kovacek and Abbott|36.470096|-94.431708
406-83-7518|4238849696532874|Ann|Williams|F|26916 Carlson Mountain|Joplin|MO|64804|37.0465|-94.5103|72274|Seismic interpreter|2001-12-26|947268892251|young_adults_female_urban.json|1d1d038f95f7dbb9789e9bacfe5590a9|2022-01-19|00:19:12|1642551552|misc_net|9.01|1|fraud_Ferry, Lynch and Kautzer|37.506362|-95.107998
406-83-7518|4238849696532874|Ann|Williams|F|26916 Carlson Mountain|Joplin|MO|64804|37.0465|-94.5103|72274|Seismic interpreter|2001-12-26|947268892251|young_adults_female_urban.json|1f10e94f686c606b221d93ee1f515af7|2022-01-19|01:39:43|1642556383|grocery_pos|309.17|1|fraud_Kuhic Inc|36.669933|-93.520001
406-83-7518|4238849696532874|Ann|Williams|F|26916 Carlson Mountain|Joplin|MO|64804|37.0465|-94.5103|72274|Seismic interpreter|2001-12-26|947268892251|young_adults_female_urban.json|0480adf267b0add6556aac6c7222d03b|2022-01-19|02:09:39|1642558179|gas_transport|307.78|1|fraud_Torp-Labadie|37.346256|-94.634100
406-83-7518|4238849696532874|Ann|Williams|F|26916 Carlson Mountain|Joplin|MO|64804|37.0465|-94.5103|72274|Seismic interpreter|2001-12-26|947268892251|young_adults_female_urban.json|51a03069a91e1fc55823ef50b9f56500|2022-01-19|01:02:52|1642554172|grocery_net|283.75|1|fraud_Roob LLC|37.081652|-95.268292
406-83-7518|4238849696532874|Ann|Williams|F|26916 Carlson Mountain|Joplin|MO|64804|37.0465|-94.5103|72274|Seismic interpreter|2001-12-26|947268892251|young_adults_female_urban.json|9d719ebffb3e40c9434fe0b36a428f40|2022-01-19|00:49:01|1642553341|misc_net|298.93|1|fraud_Rippin, Kub and Mann|36.495895|-94.834129
406-83-7518|4238849696532874|Ann|Williams|F|26916 Carlson Mountain|Joplin|MO|64804|37.0465|-94.5103|72274|Seismic interpreter|2001-12-26|947268892251|young_adults_female_urban.json|e15994c6b682677bd2793654ad3db2c0|2022-01-19|03:59:18|1642564758|grocery_pos|288.54|1|fraud_Bailey-Morar|37.223117|-95.050071
406-83-7518|4238849696532874|Ann|Williams|F|26916 Carlson Mountain|Joplin|MO|64804|37.0465|-94.5103|72274|Seismic interpreter|2001-12-26|947268892251|young_adults_female_urban.json|dc0c81aacf6d482ef9b1afe72f39babf|2022-01-19|03:21:38|1642562498|grocery_pos|634.15|1|fraud_Murray-Smitham|36.486935|-95.368314
406-83-7518|4238849696532874|Ann|Williams|F|26916 Carlson Mountain|Joplin|MO|64804|37.0465|-94.5103|72274|Seismic interpreter|2001-12-26|947268892251|young_adults_female_urban.json|902ca70f17a510d08d621e062389c409|2022-01-19|02:10:42|1642558242|grocery_pos|831.81|1|fraud_McDermott-Weimann|37.308706|-95.052416
406-83-7518|4238849696532874|Ann|Williams|F|26916 Carlson Mountain|Joplin|MO|64804|37.0465|-94.5103|72274|Seismic interpreter|2001-12-26|947268892251|young_adults_female_urban.json|c97554fe151319585ec93f7f5ea0f27d|2022-01-20|22:10:53|1642716653|misc_net|796.88|1|fraud_Jaskolski-Vandervort|37.857340|-93.791029
406-83-7518|4238849696532874|Ann|Williams|F|26916 Carlson Mountain|Joplin|MO|64804|37.0465|-94.5103|72274|Seismic interpreter|2001-12-26|947268892251|young_adults_female_urban.json|38ce6c9f6982226b4fb58a1b3d69134f|2022-01-20|21:57:34|1642715854|misc_pos|852.56|1|fraud_Lehner, Reichert and Mills|36.188215|-95.034291
406-83-7518|4238849696532874|Ann|Williams|F|26916 Carlson Mountain|Joplin|MO|64804|37.0465|-94.5103|72274|Seismic interpreter|2001-12-26|947268892251|young_adults_female_urban.json|fbb59e52c437d994fccc7fc06020c648|2022-01-20|22:27:16|1642717636|shopping_pos|7.60|1|fraud_Swaniawski, Lowe and Robel|37.384456|-95.081826
406-83-7518|4238849696532874|Ann|Williams|F|26916 Carlson Mountain|Joplin|MO|64804|37.0465|-94.5103|72274|Seismic interpreter|2001-12-26|947268892251|young_adults_female_urban.json|002ecc63713e894ceae77de3ee4904b8|2022-01-20|22:47:31|1642718851|misc_net|7.70|1|fraud_Klocko LLC|36.311124|-93.639272
406-83-7518|4238849696532874|Ann|Williams|F|26916 Carlson Mountain|Joplin|MO|64804|37.0465|-94.5103|72274|Seismic interpreter|2001-12-26|947268892251|young_adults_female_urban.json|0a8220cfe7cda06f77ace2515fb20a18|2022-01-20|23:41:47|1642722107|shopping_pos|840.07|1|fraud_Baumbach, Strosin and Nicolas|37.188586|-94.564958
406-83-7518|4238849696532874|Ann|Williams|F|26916 Carlson Mountain|Joplin|MO|64804|37.0465|-94.5103|72274|Seismic interpreter|2001-12-26|947268892251|young_adults_female_urban.json|3789a4e035c65ad02cc7f7c44bbeb56c|2022-01-20|23:27:01|1642721221|misc_pos|875.85|1|fraud_Turner, Ruecker and Parisian|37.615739|-93.895306
406-83-7518|4238849696532874|Ann|Williams|F|26916 Carlson Mountain|Joplin|MO|64804|37.0465|-94.5103|72274|Seismic interpreter|2001-12-26|947268892251|young_adults_female_urban.json|4a65e9c7c19f3b218473683a9cc5c6ec|2022-01-02|02:03:38|1641089018|gas_transport|42.68|0|fraud_Ledner-Pfannerstill|36.673855|-94.297882
406-83-7518|4238849696532874|Ann|Williams|F|26916 Carlson Mountain|Joplin|MO|64804|37.0465|-94.5103|72274|Seismic interpreter|2001-12-26|947268892251|young_adults_female_urban.json|3ee63b2e609eda7dfb778a183a0f48a5|2022-01-04|10:09:50|1641290990|gas_transport|66.77|0|fraud_Corwin-Collins|37.069346|-94.739909
406-83-7518|4238849696532874|Ann|Williams|F|26916 Carlson Mountain|Joplin|MO|64804|37.0465|-94.5103|72274|Seismic interpreter|2001-12-26|947268892251|young_adults_female_urban.json|1294f46ea373d22adee1582638594e8c|2022-01-07|06:55:00|1641538500|grocery_pos|63.20|0|fraud_Bauch-Raynor|37.199676|-95.000855
406-83-7518|4238849696532874|Ann|Williams|F|26916 Carlson Mountain|Joplin|MO|64804|37.0465|-94.5103|72274|Seismic interpreter|2001-12-26|947268892251|young_adults_female_urban.json|4d9e0573a631ac19ec1cec71c4d67c84|2022-01-02|01:01:41|1641085301|gas_transport|65.40|0|fraud_Christiansen, Goyette and Schamberger|37.464071|-95.506917
406-83-7518|4238849696532874|Ann|Williams|F|26916 Carlson Mountain|Joplin|MO|64804|37.0465|-94.5103|72274|Seismic interpreter|2001-12-26|947268892251|young_adults_female_urban.json|356d593596037a4369909bf53c5c4cf3|2022-01-06|02:53:52|1641437632|grocery_net|47.34|0|fraud_Kutch Group|37.897650|-94.433396
406-83-7518|4238849696532874|Ann|Williams|F|26916 Carlson Mountain|Joplin|MO|64804|37.0465|-94.5103|72274|Seismic interpreter|2001-12-26|947268892251|young_adults_female_urban.json|864ef29fda5d4bee19900b23fdd0b7ad|2022-01-01|05:25:25|1641014725|gas_transport|59.54|0|fraud_Brekke and Sons|37.485360|-94.026400
406-83-7518|4238849696532874|Ann|Williams|F|26916 Carlson Mountain|Joplin|MO|64804|37.0465|-94.5103|72274|Seismic interpreter|2001-12-26|947268892251|young_adults_female_urban.json|1858eb2f65547da93a4f410da21c0482|2022-01-02|08:18:17|1641111497|gas_transport|41.03|0|fraud_Prohaska-Murray|37.387757|-94.781857
406-83-7518|4238849696532874|Ann|Williams|F|26916 Carlson Mountain|Joplin|MO|64804|37.0465|-94.5103|72274|Seismic interpreter|2001-12-26|947268892251|young_adults_female_urban.json|e68fa815f8ef9f6c32b0653c31df84f8|2022-01-02|02:38:19|1641091099|gas_transport|46.23|0|fraud_Kutch LLC|36.186448|-94.181825
406-83-7518|4238849696532874|Ann|Williams|F|26916 Carlson Mountain|Joplin|MO|64804|37.0465|-94.5103|72274|Seismic interpreter|2001-12-26|947268892251|young_adults_female_urban.json|31c890a5a15baaea5a47dedb90547f95|2022-01-02|04:47:23|1641098843|gas_transport|46.48|0|fraud_Bartoletti-Wunsch|36.706900|-94.882469
406-83-7518|4238849696532874|Ann|Williams|F|26916 Carlson Mountain|Joplin|MO|64804|37.0465|-94.5103|72274|Seismic interpreter|2001-12-26|947268892251|young_adults_female_urban.json|6dc176284b63cf225351614641ef8398|2022-01-06|08:48:16|1641458896|grocery_net|37.69|0|fraud_Emmerich-Luettgen|37.742531|-94.070791
406-83-7518|4238849696532874|Ann|Williams|F|26916 Carlson Mountain|Joplin|MO|64804|37.0465|-94.5103|72274|Seismic interpreter|2001-12-26|947268892251|young_adults_female_urban.json|1dfe73d640ccac986e6b093629894668|2022-01-04|06:59:14|1641279554|gas_transport|49.79|0|fraud_Brekke and Sons|36.647145|-94.891731
406-83-7518|4238849696532874|Ann|Williams|F|26916 Carlson Mountain|Joplin|MO|64804|37.0465|-94.5103|72274|Seismic interpreter|2001-12-26|947268892251|young_adults_female_urban.json|73bbdab78e1cd0c7f9a9524e923a047b|2022-01-02|10:09:20|1641118160|gas_transport|82.58|0|fraud_Raynor, Feest and Miller|36.863286|-94.705499
406-83-7518|4238849696532874|Ann|Williams|F|26916 Carlson Mountain|Joplin|MO|64804|37.0465|-94.5103|72274|Seismic interpreter|2001-12-26|947268892251|young_adults_female_urban.json|332fe6e26452f188602bb2d43f636512|2022-01-01|07:07:46|1641020866|gas_transport|81.45|0|fraud_Heller-Langosh|36.637810|-95.255724
406-83-7518|4238849696532874|Ann|Williams|F|26916 Carlson Mountain|Joplin|MO|64804|37.0465|-94.5103|72274|Seismic interpreter|2001-12-26|947268892251|young_adults_female_urban.json|da44b7254d2c86818882bd2359fd8494|2022-01-07|06:12:27|1641535947|grocery_pos|63.08|0|fraud_Auer-Mosciski|36.887393|-93.629573
406-83-7518|4238849696532874|Ann|Williams|F|26916 Carlson Mountain|Joplin|MO|64804|37.0465|-94.5103|72274|Seismic interpreter|2001-12-26|947268892251|young_adults_female_urban.json|5035eec3c7503251b0e3fcf50809d16d|2022-01-01|06:36:53|1641019013|gas_transport|52.42|0|fraud_Christiansen, Goyette and Schamberger|37.401136|-93.704689
406-83-7518|4238849696532874|Ann|Williams|F|26916 Carlson Mountain|Joplin|MO|64804|37.0465|-94.5103|72274|Seismic interpreter|2001-12-26|947268892251|young_adults_female_urban.json|b1c27c452f8d3694e96a2dc66af4e925|2022-01-01|06:52:32|1641019952|gas_transport|58.72|0|fraud_Reilly, Heaney and Cole|37.277530|-94.908400
406-83-7518|4238849696532874|Ann|Williams|F|26916 Carlson Mountain|Joplin|MO|64804|37.0465|-94.5103|72274|Seismic interpreter|2001-12-26|947268892251|young_adults_female_urban.json|6d26a3ca80f0366b113590489063dfce|2022-01-06|10:17:36|1641464256|grocery_net|52.85|0|fraud_Swift, Bradtke and Marquardt|37.142374|-95.509488
406-83-7518|4238849696532874|Ann|Williams|F|26916 Carlson Mountain|Joplin|MO|64804|37.0465|-94.5103|72274|Seismic interpreter|2001-12-26|947268892251|young_adults_female_urban.json|619721bd0b1c8570871f03ab8c9761b1|2022-01-06|09:18:18|1641460698|grocery_net|56.94|0|fraud_Roob LLC|36.620327|-94.650524
406-83-7518|4238849696532874|Ann|Williams|F|26916 Carlson Mountain|Joplin|MO|64804|37.0465|-94.5103|72274|Seismic interpreter|2001-12-26|947268892251|young_adults_female_urban.json|47385fff568683cca2d16e2cd9836e08|2022-01-04|01:49:16|1641260956|gas_transport|58.24|0|fraud_Friesen-D'Amore|37.206470|-94.200889
406-83-7518|4238849696532874|Ann|Williams|F|26916 Carlson Mountain|Joplin|MO|64804|37.0465|-94.5103|72274|Seismic interpreter|2001-12-26|947268892251|young_adults_female_urban.json|a64bc024383ece0036e50e58afed305d|2022-01-01|09:55:57|1641030957|gas_transport|51.47|0|fraud_Parisian and Sons|36.976476|-94.625980
406-83-7518|4238849696532874|Ann|Williams|F|26916 Carlson Mountain|Joplin|MO|64804|37.0465|-94.5103|72274|Seismic interpreter|2001-12-26|947268892251|young_adults_female_urban.json|42f737292dd585080540e18568111a22|2022-01-06|07:19:10|1641453550|grocery_net|62.20|0|fraud_Bahringer-Larson|36.473903|-94.563928
406-83-7518|4238849696532874|Ann|Williams|F|26916 Carlson Mountain|Joplin|MO|64804|37.0465|-94.5103|72274|Seismic interpreter|2001-12-26|947268892251|young_adults_female_urban.json|310e5f7f3c56400668647dea521edf28|2022-01-01|04:43:03|1641012183|gas_transport|70.47|0|fraud_Bernhard Inc|37.848862|-93.918250
406-83-7518|4238849696532874|Ann|Williams|F|26916 Carlson Mountain|Joplin|MO|64804|37.0465|-94.5103|72274|Seismic interpreter|2001-12-26|947268892251|young_adults_female_urban.json|a9e175790d48fd6115451d283a16dc02|2022-01-04|00:31:54|1641256314|gas_transport|52.69|0|fraud_Friesen-D'Amore|36.385883|-95.340709
406-83-7518|4238849696532874|Ann|Williams|F|26916 Carlson Mountain|Joplin|MO|64804|37.0465|-94.5103|72274|Seismic interpreter|2001-12-26|947268892251|young_adults_female_urban.json|a4b0af683952a7d9e2511053a397d8d4|2022-01-01|11:09:03|1641035343|gas_transport|87.30|0|fraud_Greenholt, Jacobi and Gleason|37.077404|-94.244418
406-83-7518|4238849696532874|Ann|Williams|F|26916 Carlson Mountain|Joplin|MO|64804|37.0465|-94.5103|72274|Seismic interpreter|2001-12-26|947268892251|young_adults_female_urban.json|f62a154741679e2a23528b17db2291c0|2022-01-06|02:10:09|1641435009|grocery_net|53.08|0|fraud_Tromp, Kerluke and Glover|36.716877|-93.873453
406-83-7518|4238849696532874|Ann|Williams|F|26916 Carlson Mountain|Joplin|MO|64804|37.0465|-94.5103|72274|Seismic interpreter|2001-12-26|947268892251|young_adults_female_urban.json|5a7777cfd76d358dc2ee7c25f03f89b8|2022-01-03|07:12:23|1641193943|gas_transport|66.60|0|fraud_Cummings LLC|37.548776|-94.164709
406-83-7518|4238849696532874|Ann|Williams|F|26916 Carlson Mountain|Joplin|MO|64804|37.0465|-94.5103|72274|Seismic interpreter|2001-12-26|947268892251|young_adults_female_urban.json|e782acfde5541e9ec74e59ce9bf4bf3c|2022-01-01|04:27:38|1641011258|gas_transport|58.44|0|fraud_Erdman-Kertzmann|36.495781|-95.112040
406-83-7518|4238849696532874|Ann|Williams|F|26916 Carlson Mountain|Joplin|MO|64804|37.0465|-94.5103|72274|Seismic interpreter|2001-12-26|947268892251|young_adults_female_urban.json|4bcfccda18a3326c80ae920f72cb8c76|2022-01-03|08:06:55|1641197215|gas_transport|74.60|0|fraud_Kling Inc|36.095351|-95.020615
406-83-7518|4238849696532874|Ann|Williams|F|26916 Carlson Mountain|Joplin|MO|64804|37.0465|-94.5103|72274|Seismic interpreter|2001-12-26|947268892251|young_adults_female_urban.json|fb3540f6bdc785319c78352b875ae4f6|2022-01-05|03:56:46|1641355006|grocery_net|80.19|0|fraud_Bahringer-Larson|36.996773|-93.810825
406-83-7518|4238849696532874|Ann|Williams|F|26916 Carlson Mountain|Joplin|MO|64804|37.0465|-94.5103|72274|Seismic interpreter|2001-12-26|947268892251|young_adults_female_urban.json|ca5e14e76f3d07f8dd405f2a17e36e13|2022-01-02|05:42:43|1641102163|gas_transport|48.20|0|fraud_Kutch, Hermiston and Farrell|36.192156|-94.681418
406-83-7518|4238849696532874|Ann|Williams|F|26916 Carlson Mountain|Joplin|MO|64804|37.0465|-94.5103|72274|Seismic interpreter|2001-12-26|947268892251|young_adults_female_urban.json|6fbd1a975fa12389ee3bbfc8e372b1a0|2022-01-01|04:07:17|1641010037|gas_transport|18.76|0|fraud_Heller-Langosh|37.306031|-95.121430
406-83-7518|4238849696532874|Ann|Williams|F|26916 Carlson Mountain|Joplin|MO|64804|37.0465|-94.5103|72274|Seismic interpreter|2001-12-26|947268892251|young_adults_female_urban.json|b2e1586007ef6e04ff6159a2da316b17|2022-01-07|01:57:40|1641520660|grocery_pos|20.38|0|fraud_Heller, Gutmann and Zieme|37.439209|-94.521546
406-83-7518|4238849696532874|Ann|Williams|F|26916 Carlson Mountain|Joplin|MO|64804|37.0465|-94.5103|72274|Seismic interpreter|2001-12-26|947268892251|young_adults_female_urban.json|9a2d0f9a8f375b6fa3bd3cc5cdf2d7e4|2022-01-02|11:38:44|1641123524|gas_transport|31.37|0|fraud_Rodriguez Group|36.534469|-94.198184
406-83-7518|4238849696532874|Ann|Williams|F|26916 Carlson Mountain|Joplin|MO|64804|37.0465|-94.5103|72274|Seismic interpreter|2001-12-26|947268892251|young_adults_female_urban.json|24e708becf23807793b6ca825bfc9515|2022-01-02|00:25:33|1641083133|gas_transport|38.85|0|fraud_Kutch, Hermiston and Farrell|36.057590|-94.008371
406-83-7518|4238849696532874|Ann|Williams|F|26916 Carlson Mountain|Joplin|MO|64804|37.0465|-94.5103|72274|Seismic interpreter|2001-12-26|947268892251|young_adults_female_urban.json|28f91f3daa5489c54b780222c92aa69e|2022-01-01|02:54:26|1641005666|gas_transport|43.00|0|fraud_Zieme, Bode and Dooley|37.586592|-95.297125
406-83-7518|4238849696532874|Ann|Williams|F|26916 Carlson Mountain|Joplin|MO|64804|37.0465|-94.5103|72274|Seismic interpreter|2001-12-26|947268892251|young_adults_female_urban.json|8ac916bf98d9698a66cdfa9a56774ded|2022-01-06|01:54:24|1641434064|grocery_net|31.85|0|fraud_Ortiz Group|36.896792|-95.158527
406-83-7518|4238849696532874|Ann|Williams|F|26916 Carlson Mountain|Joplin|MO|64804|37.0465|-94.5103|72274|Seismic interpreter|2001-12-26|947268892251|young_adults_female_urban.json|410610ae35681c01b8380401175586e2|2022-01-02|11:35:09|1641123309|gas_transport|77.03|0|fraud_Greenholt, Jacobi and Gleason|37.962432|-94.474384
406-83-7518|4238849696532874|Ann|Williams|F|26916 Carlson Mountain|Joplin|MO|64804|37.0465|-94.5103|72274|Seismic interpreter|2001-12-26|947268892251|young_adults_female_urban.json|cf58dad33c3ca088d80ab548a09794a8|2022-01-07|04:54:45|1641531285|grocery_pos|74.20|0|fraud_McDermott-Weimann|36.146937|-95.011903
406-83-7518|4238849696532874|Ann|Williams|F|26916 Carlson Mountain|Joplin|MO|64804|37.0465|-94.5103|72274|Seismic interpreter|2001-12-26|947268892251|young_adults_female_urban.json|eeb287bf0df9a874f9224831bd88ac9c|2022-01-03|10:47:52|1641206872|gas_transport|56.87|0|fraud_Bernhard Inc|37.743173|-94.597376
406-83-7518|4238849696532874|Ann|Williams|F|26916 Carlson Mountain|Joplin|MO|64804|37.0465|-94.5103|72274|Seismic interpreter|2001-12-26|947268892251|young_adults_female_urban.json|1a7063f2999f467d30e94dff7de4f150|2022-01-01|07:11:06|1641021066|gas_transport|61.70|0|fraud_Greenholt, Jacobi and Gleason|37.649333|-94.175145
406-83-7518|4238849696532874|Ann|Williams|F|26916 Carlson Mountain|Joplin|MO|64804|37.0465|-94.5103|72274|Seismic interpreter|2001-12-26|947268892251|young_adults_female_urban.json|498da1f6cc9922babe47eb4ac45abc07|2022-01-08|20:23:33|1641673413|misc_net|76.29|0|fraud_Kerluke, Considine and Macejkovic|37.946579|-93.727448
406-83-7518|4238849696532874|Ann|Williams|F|26916 Carlson Mountain|Joplin|MO|64804|37.0465|-94.5103|72274|Seismic interpreter|2001-12-26|947268892251|young_adults_female_urban.json|0586bb48de1cc9950c72516a74a5b50b|2022-01-22|12:08:38|1642853318|food_dining|65.62|0|fraud_Kuhn Group|37.271805|-94.071752
406-83-7518|4238849696532874|Ann|Williams|F|26916 Carlson Mountain|Joplin|MO|64804|37.0465|-94.5103|72274|Seismic interpreter|2001-12-26|947268892251|young_adults_female_urban.json|59250b82ac1b2f8a7f5dd67308166586|2022-01-14|18:58:36|1642186716|shopping_pos|45.06|0|fraud_Macejkovic-Lesch|37.056056|-93.849162
406-83-7518|4238849696532874|Ann|Williams|F|26916 Carlson Mountain|Joplin|MO|64804|37.0465|-94.5103|72274|Seismic interpreter|2001-12-26|947268892251|young_adults_female_urban.json|ba3014d36139f18121c1b065d8293b45|2022-01-14|17:20:29|1642180829|shopping_net|88.26|0|fraud_Kihn, Abernathy and Douglas|37.142244|-93.715884
406-83-7518|4238849696532874|Ann|Williams|F|26916 Carlson Mountain|Joplin|MO|64804|37.0465|-94.5103|72274|Seismic interpreter|2001-12-26|947268892251|young_adults_female_urban.json|dcda2803473d837c45da5cbf1e643762|2022-01-18|17:38:51|1642527531|entertainment|82.96|0|fraud_Lind-Buckridge|37.533811|-94.560951
406-83-7518|4238849696532874|Ann|Williams|F|26916 Carlson Mountain|Joplin|MO|64804|37.0465|-94.5103|72274|Seismic interpreter|2001-12-26|947268892251|young_adults_female_urban.json|047de636d3ff3ace89f16d98e3dbd8b1|2022-01-15|12:08:19|1642248499|shopping_pos|5.26|0|fraud_Dooley Inc|36.564883|-95.015821
406-83-7518|4238849696532874|Ann|Williams|F|26916 Carlson Mountain|Joplin|MO|64804|37.0465|-94.5103|72274|Seismic interpreter|2001-12-26|947268892251|young_adults_female_urban.json|f0355e999f930cc5e8d0b75161635bee|2022-01-18|21:36:15|1642541775|entertainment|80.43|0|fraud_Spencer PLC|37.321823|-93.978673
406-83-7518|4238849696532874|Ann|Williams|F|26916 Carlson Mountain|Joplin|MO|64804|37.0465|-94.5103|72274|Seismic interpreter|2001-12-26|947268892251|young_adults_female_urban.json|29cb5f65cb817623444ea0497eae9643|2022-01-15|14:14:40|1642256080|shopping_pos|7.08|0|fraud_Bins, Balistreri and Beatty|37.089100|-94.256803
406-83-7518|4238849696532874|Ann|Williams|F|26916 Carlson Mountain|Joplin|MO|64804|37.0465|-94.5103|72274|Seismic interpreter|2001-12-26|947268892251|young_adults_female_urban.json|d5a4196164b36ab7bf3f2f920efd5c8d|2022-01-29|20:03:46|1643486626|kids_pets|9.01|0|fraud_Lowe, Dietrich and Erdman|36.595695|-95.355333
406-83-7518|4238849696532874|Ann|Williams|F|26916 Carlson Mountain|Joplin|MO|64804|37.0465|-94.5103|72274|Seismic interpreter|2001-12-26|947268892251|young_adults_female_urban.json|eb18426c5abec940130b756b6aa51c4e|2022-01-16|18:05:44|1642356344|shopping_pos|3.09|0|fraud_Lesch Ltd|36.617956|-94.966870
406-83-7518|4238849696532874|Ann|Williams|F|26916 Carlson Mountain|Joplin|MO|64804|37.0465|-94.5103|72274|Seismic interpreter|2001-12-26|947268892251|young_adults_female_urban.json|b302161fed545c2c2a5eb86cbc284086|2022-01-26|15:44:02|1643211842|home|3.56|0|fraud_Bahringer, Bergnaum and Quitzon|36.685919|-94.429996
406-83-7518|4238849696532874|Ann|Williams|F|26916 Carlson Mountain|Joplin|MO|64804|37.0465|-94.5103|72274|Seismic interpreter|2001-12-26|947268892251|young_adults_female_urban.json|53b57955328c716f8b343641fceaba3b|2022-01-13|18:42:26|1642099346|shopping_net|4.63|0|fraud_Stanton, Jakubowski and Baumbach|36.323248|-95.047777
406-83-7518|4238849696532874|Ann|Williams|F|26916 Carlson Mountain|Joplin|MO|64804|37.0465|-94.5103|72274|Seismic interpreter|2001-12-26|947268892251|young_adults_female_urban.json|e5b08c783a668f0be3506b9cc463ad53|2022-01-26|19:18:45|1643224725|home|4.64|0|fraud_Denesik, Powlowski and Pouros|37.434400|-94.097462
406-83-7518|4238849696532874|Ann|Williams|F|26916 Carlson Mountain|Joplin|MO|64804|37.0465|-94.5103|72274|Seismic interpreter|2001-12-26|947268892251|young_adults_female_urban.json|7a50ed04540e869889bf3a502befccb7|2022-01-22|17:37:35|1642873055|food_dining|9.21|0|fraud_Graham, Hegmann and Hammes|36.174958|-94.695101
406-83-7518|4238849696532874|Ann|Williams|F|26916 Carlson Mountain|Joplin|MO|64804|37.0465|-94.5103|72274|Seismic interpreter|2001-12-26|947268892251|young_adults_female_urban.json|405ee3a6de9a5c25080cee9994343f45|2022-01-26|21:51:00|1643233860|home|5.61|0|fraud_Champlin-Casper|37.131722|-94.678752
406-83-7518|4238849696532874|Ann|Williams|F|26916 Carlson Mountain|Joplin|MO|64804|37.0465|-94.5103|72274|Seismic interpreter|2001-12-26|947268892251|young_adults_female_urban.json|df662ad541de6cccb2ba8f307d8ebd23|2022-01-21|23:15:02|1642806902|food_dining|12.86|0|fraud_Schulist Ltd|36.460169|-94.670013
406-83-7518|4238849696532874|Ann|Williams|F|26916 Carlson Mountain|Joplin|MO|64804|37.0465|-94.5103|72274|Seismic interpreter|2001-12-26|947268892251|young_adults_female_urban.json|502a1e3c2b657f2f7b71123066cedeb9|2022-01-17|17:01:13|1642438873|entertainment|356.74|0|fraud_Douglas-White|37.856177|-94.342141
406-83-7518|4238849696532874|Ann|Williams|F|26916 Carlson Mountain|Joplin|MO|64804|37.0465|-94.5103|72274|Seismic interpreter|2001-12-26|947268892251|young_adults_female_urban.json|b5d7f9ed21a45831239f42811e218d7c|2022-01-12|16:40:35|1642005635|shopping_net|1.01|0|fraud_Romaguera, Cruickshank and Greenholt|37.437546|-93.796836
406-83-7518|4238849696532874|Ann|Williams|F|26916 Carlson Mountain|Joplin|MO|64804|37.0465|-94.5103|72274|Seismic interpreter|2001-12-26|947268892251|young_adults_female_urban.json|8984b7862f4e093f4e3fec13ebb651b1|2022-01-12|21:26:13|1642022773|shopping_net|8.79|0|fraud_Kassulke PLC|37.577689|-94.749538
406-83-7518|4238849696532874|Ann|Williams|F|26916 Carlson Mountain|Joplin|MO|64804|37.0465|-94.5103|72274|Seismic interpreter|2001-12-26|947268892251|young_adults_female_urban.json|72582a51e7d57ee558edfff67cf65771|2022-01-14|14:41:51|1642171311|shopping_net|145.28|0|fraud_Schmidt and Sons|36.058292|-94.806782
406-83-7518|4238849696532874|Ann|Williams|F|26916 Carlson Mountain|Joplin|MO|64804|37.0465|-94.5103|72274|Seismic interpreter|2001-12-26|947268892251|young_adults_female_urban.json|13ab9cfeff11d7146c7330af76621e51|2022-01-29|19:42:22|1643485342|personal_care|36.43|0|fraud_Nienow, Barrows and Romaguera|37.553450|-93.803404
406-83-7518|4238849696532874|Ann|Williams|F|26916 Carlson Mountain|Joplin|MO|64804|37.0465|-94.5103|72274|Seismic interpreter|2001-12-26|947268892251|young_adults_female_urban.json|9644e1fa8256aaf8f03630ff7b567c26|2022-01-08|13:41:30|1641649290|misc_net|40.33|0|fraud_Kuphal-Bartoletti|37.953361|-94.672257
406-83-7518|4238849696532874|Ann|Williams|F|26916 Carlson Mountain|Joplin|MO|64804|37.0465|-94.5103|72274|Seismic interpreter|2001-12-26|947268892251|young_adults_female_urban.json|9f65cf3f84bf42e2be711f03be9d28a5|2022-01-15|21:08:19|1642280899|shopping_pos|54.75|0|fraud_Kihn Inc|37.541531|-94.418035
406-83-7518|4238849696532874|Ann|Williams|F|26916 Carlson Mountain|Joplin|MO|64804|37.0465|-94.5103|72274|Seismic interpreter|2001-12-26|947268892251|young_adults_female_urban.json|a6dcd3ad642291b84403809e3408e308|2022-01-27|19:36:43|1643312203|home|7.93|0|fraud_Altenwerth-Kilback|37.253005|-95.069223
406-83-7518|4238849696532874|Ann|Williams|F|26916 Carlson Mountain|Joplin|MO|64804|37.0465|-94.5103|72274|Seismic interpreter|2001-12-26|947268892251|young_adults_female_urban.json|8e8eaa10527efd4656811cf5ab0c6cf4|2022-01-08|12:35:17|1641645317|misc_net|5.85|0|fraud_Kuphal-Bartoletti|36.485343|-94.638628
406-83-7518|4238849696532874|Ann|Williams|F|26916 Carlson Mountain|Joplin|MO|64804|37.0465|-94.5103|72274|Seismic interpreter|2001-12-26|947268892251|young_adults_female_urban.json|eb9047dd1cf233c96f475d5ed7c4725e|2022-01-12|20:30:21|1642019421|shopping_net|6.35|0|fraud_Lemke-Gutmann|36.104550|-94.838041
406-83-7518|4238849696532874|Ann|Williams|F|26916 Carlson Mountain|Joplin|MO|64804|37.0465|-94.5103|72274|Seismic interpreter|2001-12-26|947268892251|young_adults_female_urban.json|215647d231b13616ed68169acc4d4944|2022-01-30|17:08:36|1643562516|travel|7.46|0|fraud_Block-Hauck|37.404784|-94.701667
406-83-7518|4238849696532874|Ann|Williams|F|26916 Carlson Mountain|Joplin|MO|64804|37.0465|-94.5103|72274|Seismic interpreter|2001-12-26|947268892251|young_adults_female_urban.json|96b89b16f9243b899ec2c60a6b8a685b|2022-01-18|17:56:28|1642528588|entertainment|7.45|0|fraud_Stark-Batz|36.376589|-94.575520
406-83-7518|4238849696532874|Ann|Williams|F|26916 Carlson Mountain|Joplin|MO|64804|37.0465|-94.5103|72274|Seismic interpreter|2001-12-26|947268892251|young_adults_female_urban.json|66b419cb067578e51f761da1c795e5ad|2022-01-29|16:47:02|1643474822|personal_care|7.11|0|fraud_Kirlin and Sons|36.301756|-94.265786
406-83-7518|4238849696532874|Ann|Williams|F|26916 Carlson Mountain|Joplin|MO|64804|37.0465|-94.5103|72274|Seismic interpreter|2001-12-26|947268892251|young_adults_female_urban.json|1c2082be5372737a059d35bf7708292a|2022-01-28|17:39:31|1643391571|kids_pets|5.38|0|fraud_Gleason and Sons|36.100433|-94.722259
406-83-7518|4238849696532874|Ann|Williams|F|26916 Carlson Mountain|Joplin|MO|64804|37.0465|-94.5103|72274|Seismic interpreter|2001-12-26|947268892251|young_adults_female_urban.json|891453c4db02a2e2e7d5129d4e64a63f|2022-01-28|17:00:57|1643389257|kids_pets|8.53|0|fraud_Bednar PLC|37.175284|-95.456096
406-83-7518|4238849696532874|Ann|Williams|F|26916 Carlson Mountain|Joplin|MO|64804|37.0465|-94.5103|72274|Seismic interpreter|2001-12-26|947268892251|young_adults_female_urban.json|8d3fed9b87820217957193554b01ba8f|2022-01-16|19:02:42|1642359762|shopping_pos|6.27|0|fraud_Botsford Ltd|36.969897|-95.409731
406-83-7518|4238849696532874|Ann|Williams|F|26916 Carlson Mountain|Joplin|MO|64804|37.0465|-94.5103|72274|Seismic interpreter|2001-12-26|947268892251|young_adults_female_urban.json|0e507f50b1fad3c62771542d6406c635|2022-01-15|22:17:35|1642285055|shopping_pos|14.75|0|fraud_Stoltenberg-Beatty|36.804708|-95.086979
406-83-7518|4238849696532874|Ann|Williams|F|26916 Carlson Mountain|Joplin|MO|64804|37.0465|-94.5103|72274|Seismic interpreter|2001-12-26|947268892251|young_adults_female_urban.json|de1c1c6c4b0f5dca4583095e02192cf4|2022-01-07|21:41:54|1641591714|grocery_pos|2.91|0|fraud_Kiehn-Emmerich|36.700192|-93.987841
406-83-7518|4238849696532874|Ann|Williams|F|26916 Carlson Mountain|Joplin|MO|64804|37.0465|-94.5103|72274|Seismic interpreter|2001-12-26|947268892251|young_adults_female_urban.json|f6bbe4d4c371790e5c83fb9bb7b11341|2022-01-16|14:43:14|1642344194|shopping_pos|6.99|0|fraud_Dooley Inc|36.804752|-94.006280
406-83-7518|4238849696532874|Ann|Williams|F|26916 Carlson Mountain|Joplin|MO|64804|37.0465|-94.5103|72274|Seismic interpreter|2001-12-26|947268892251|young_adults_female_urban.json|1584c3134bc0b294831111f4f811ad70|2022-01-09|18:31:56|1641753116|misc_pos|9.20|0|fraud_Gislason Group|37.710349|-95.005757
406-83-7518|4238849696532874|Ann|Williams|F|26916 Carlson Mountain|Joplin|MO|64804|37.0465|-94.5103|72274|Seismic interpreter|2001-12-26|947268892251|young_adults_female_urban.json|7626ef04a09a85d407095cba76d2cd7e|2022-01-23|22:02:27|1642975347|health_fitness|1.88|0|fraud_Hamill-D'Amore|36.210312|-95.471533
406-83-7518|4238849696532874|Ann|Williams|F|26916 Carlson Mountain|Joplin|MO|64804|37.0465|-94.5103|72274|Seismic interpreter|2001-12-26|947268892251|young_adults_female_urban.json|9c8d7a1b84dccb39193980326566f28b|2022-01-14|13:21:11|1642166471|shopping_net|2.86|0|fraud_Streich, Dietrich and Barton|37.125338|-93.510484
406-83-7518|4238849696532874|Ann|Williams|F|26916 Carlson Mountain|Joplin|MO|64804|37.0465|-94.5103|72274|Seismic interpreter|2001-12-26|947268892251|young_adults_female_urban.json|f7d027faf28784d612b9bedd8d643c15|2022-01-10|19:52:30|1641844350|misc_pos|4.43|0|fraud_Block Group|36.746421|-94.210012
406-83-7518|4238849696532874|Ann|Williams|F|26916 Carlson Mountain|Joplin|MO|64804|37.0465|-94.5103|72274|Seismic interpreter|2001-12-26|947268892251|young_adults_female_urban.json|c88138c6abac2ef0426bbef06621cc6e|2022-01-14|23:24:04|1642202644|shopping_net|8.45|0|fraud_Little, Gutmann and Lynch|37.554966|-93.611077
406-83-7518|4238849696532874|Ann|Williams|F|26916 Carlson Mountain|Joplin|MO|64804|37.0465|-94.5103|72274|Seismic interpreter|2001-12-26|947268892251|young_adults_female_urban.json|b34c4662f4fbfa55f3223c146f0b6b30|2022-01-14|14:52:35|1642171955|shopping_net|4.21|0|fraud_Boyer-Reichert|36.445221|-95.469540
406-83-7518|4238849696532874|Ann|Williams|F|26916 Carlson Mountain|Joplin|MO|64804|37.0465|-94.5103|72274|Seismic interpreter|2001-12-26|947268892251|young_adults_female_urban.json|8a10ac859c171b67ec0b64e429435392|2022-01-28|18:23:42|1643394222|kids_pets|1.17|0|fraud_Schimmel-Olson|36.351265|-95.257858
406-83-7518|4238849696532874|Ann|Williams|F|26916 Carlson Mountain|Joplin|MO|64804|37.0465|-94.5103|72274|Seismic interpreter|2001-12-26|947268892251|young_adults_female_urban.json|a434004e1da7855b1a69ed1a7ca4bec2|2022-01-09|15:13:49|1641741229|misc_pos|5.24|0|fraud_Keeling-Crist|37.385418|-94.382361
406-83-7518|4238849696532874|Ann|Williams|F|26916 Carlson Mountain|Joplin|MO|64804|37.0465|-94.5103|72274|Seismic interpreter|2001-12-26|947268892251|young_adults_female_urban.json|09f3130194e2498036e8d0764e706a54|2022-01-23|20:39:13|1642970353|health_fitness|8.67|0|fraud_Fritsch and Sons|36.482429|-94.111370
406-83-7518|4238849696532874|Ann|Williams|F|26916 Carlson Mountain|Joplin|MO|64804|37.0465|-94.5103|72274|Seismic interpreter|2001-12-26|947268892251|young_adults_female_urban.json|7b70f1224f681e93b56bbdf86d0529aa|2022-01-08|15:14:05|1641654845|misc_net|8.48|0|fraud_Kuphal-Predovic|37.260995|-94.014449
406-83-7518|4238849696532874|Ann|Williams|F|26916 Carlson Mountain|Joplin|MO|64804|37.0465|-94.5103|72274|Seismic interpreter|2001-12-26|947268892251|young_adults_female_urban.json|76e81866908c8ef2b30cb3b691e065e6|2022-01-08|22:58:45|1641682725|misc_net|2.61|0|fraud_Kuhn LLC|36.275566|-93.871698
406-83-7518|4238849696532874|Ann|Williams|F|26916 Carlson Mountain|Joplin|MO|64804|37.0465|-94.5103|72274|Seismic interpreter|2001-12-26|947268892251|young_adults_female_urban.json|48c76c604f214a74cb176ff214f37626|2022-01-22|21:20:24|1642886424|food_dining|6.46|0|fraud_Lesch, D'Amore and Brown|37.975942|-95.294103
406-83-7518|4238849696532874|Ann|Williams|F|26916 Carlson Mountain|Joplin|MO|64804|37.0465|-94.5103|72274|Seismic interpreter|2001-12-26|947268892251|young_adults_female_urban.json|5dd4016658f1716d6a1dd540a7493e1c|2022-01-25|18:51:20|1643136680|home|2.89|0|fraud_Kutch-Wilderman|36.097857|-94.886386
406-83-7518|4238849696532874|Ann|Williams|F|26916 Carlson Mountain|Joplin|MO|64804|37.0465|-94.5103|72274|Seismic interpreter|2001-12-26|947268892251|young_adults_female_urban.json|66f76d332ff21dfcb1779a1e05d9c94e|2022-01-29|15:04:19|1643468659|personal_care|7.15|0|fraud_Lubowitz, Terry and Stracke|37.401195|-93.593954
406-83-7518|4238849696532874|Ann|Williams|F|26916 Carlson Mountain|Joplin|MO|64804|37.0465|-94.5103|72274|Seismic interpreter|2001-12-26|947268892251|young_adults_female_urban.json|8dd385b943f516e6f751365ff29b12d3|2022-01-08|19:16:36|1641669396|grocery_pos|9.14|0|fraud_Schumm, Bauch and Ondricka|36.839809|-94.080271
406-83-7518|4238849696532874|Ann|Williams|F|26916 Carlson Mountain|Joplin|MO|64804|37.0465|-94.5103|72274|Seismic interpreter|2001-12-26|947268892251|young_adults_female_urban.json|774f497dc12b4c873699812e18b7fe55|2022-01-23|22:43:13|1642977793|health_fitness|5.80|0|fraud_Schumm PLC|36.198493|-94.129071
406-83-7518|4238849696532874|Ann|Williams|F|26916 Carlson Mountain|Joplin|MO|64804|37.0465|-94.5103|72274|Seismic interpreter|2001-12-26|947268892251|young_adults_female_urban.json|a4b6330f89c2304698474e6f7e4710bd|2022-01-24|14:37:07|1643035027|home|6.58|0|fraud_Witting, Beer and Ernser|37.300985|-95.306497
406-83-7518|4238849696532874|Ann|Williams|F|26916 Carlson Mountain|Joplin|MO|64804|37.0465|-94.5103|72274|Seismic interpreter|2001-12-26|947268892251|young_adults_female_urban.json|d94a824497aa9dd72fbac54cac5b690b|2022-01-16|14:34:02|1642343642|shopping_pos|1.92|0|fraud_Pfeffer and Sons|37.591462|-93.809714
406-83-7518|4238849696532874|Ann|Williams|F|26916 Carlson Mountain|Joplin|MO|64804|37.0465|-94.5103|72274|Seismic interpreter|2001-12-26|947268892251|young_adults_female_urban.json|0081984f5e1c583666aa0faa090264de|2022-01-22|14:41:52|1642862512|health_fitness|3.22|0|fraud_Fritsch and Sons|37.247323|-95.268190
406-83-7518|4238849696532874|Ann|Williams|F|26916 Carlson Mountain|Joplin|MO|64804|37.0465|-94.5103|72274|Seismic interpreter|2001-12-26|947268892251|young_adults_female_urban.json|4cffc986c8dd18927993417f81bc82b3|2022-01-26|17:13:21|1643217201|home|8.29|0|fraud_Ernser-Feest|38.014189|-93.945029
406-83-7518|4238849696532874|Ann|Williams|F|26916 Carlson Mountain|Joplin|MO|64804|37.0465|-94.5103|72274|Seismic interpreter|2001-12-26|947268892251|young_adults_female_urban.json|b262f5ed97b54a47c4ddadd6538438ec|2022-01-29|16:09:42|1643472582|personal_care|5.56|0|fraud_Dickinson Ltd|36.740908|-94.653544
406-83-7518|4238849696532874|Ann|Williams|F|26916 Carlson Mountain|Joplin|MO|64804|37.0465|-94.5103|72274|Seismic interpreter|2001-12-26|947268892251|young_adults_female_urban.json|3d5b868ddd349cd46de19bcb632e320f|2022-01-08|22:50:10|1641682210|misc_net|9.18|0|fraud_Kerluke PLC|36.787642|-94.498378
406-83-7518|4238849696532874|Ann|Williams|F|26916 Carlson Mountain|Joplin|MO|64804|37.0465|-94.5103|72274|Seismic interpreter|2001-12-26|947268892251|young_adults_female_urban.json|3745f03a711b5ff96a5b05fd6f8de8ba|2022-01-23|23:31:09|1642980669|health_fitness|1.79|0|fraud_Feil-Morar|36.728962|-93.811149
406-83-7518|4238849696532874|Ann|Williams|F|26916 Carlson Mountain|Joplin|MO|64804|37.0465|-94.5103|72274|Seismic interpreter|2001-12-26|947268892251|young_adults_female_urban.json|e2d12508789b42c2319f5f007c1eca9a|2022-01-29|18:30:23|1643481023|kids_pets|3.66|0|fraud_Larkin Ltd|37.691162|-95.299222
406-83-7518|4238849696532874|Ann|Williams|F|26916 Carlson Mountain|Joplin|MO|64804|37.0465|-94.5103|72274|Seismic interpreter|2001-12-26|947268892251|young_adults_female_urban.json|6825caad2e77f0cf98a345a114d68733|2022-01-14|21:49:29|1642196969|shopping_net|7.58|0|fraud_Cormier LLC|37.703915|-94.095683
406-83-7518|4238849696532874|Ann|Williams|F|26916 Carlson Mountain|Joplin|MO|64804|37.0465|-94.5103|72274|Seismic interpreter|2001-12-26|947268892251|young_adults_female_urban.json|073896489b66bcd04dff90476a63b5b2|2022-01-29|16:46:56|1643474816|kids_pets|446.95|0|fraud_Bednar PLC|36.917474|-94.042709
406-83-7518|4238849696532874|Ann|Williams|F|26916 Carlson Mountain|Joplin|MO|64804|37.0465|-94.5103|72274|Seismic interpreter|2001-12-26|947268892251|young_adults_female_urban.json|a032cb1669de8e2c895cfad1b1acf571|2022-01-23|14:45:46|1642949146|health_fitness|7.00|0|fraud_Hills, Hegmann and Schaefer|37.977447|-94.970135
406-83-7518|4238849696532874|Ann|Williams|F|26916 Carlson Mountain|Joplin|MO|64804|37.0465|-94.5103|72274|Seismic interpreter|2001-12-26|947268892251|young_adults_female_urban.json|c83ab6551987beee4e32a3c3ec086e68|2022-01-15|18:50:40|1642272640|shopping_pos|19.37|0|fraud_Sawayn PLC|37.662898|-94.433954
406-83-7518|4238849696532874|Ann|Williams|F|26916 Carlson Mountain|Joplin|MO|64804|37.0465|-94.5103|72274|Seismic interpreter|2001-12-26|947268892251|young_adults_female_urban.json|a76e12a7b4d7914c38382401c91e14cd|2022-01-14|19:28:10|1642188490|shopping_net|35.89|0|fraud_Boyer PLC|37.013495|-94.639151
406-83-7518|4238849696532874|Ann|Williams|F|26916 Carlson Mountain|Joplin|MO|64804|37.0465|-94.5103|72274|Seismic interpreter|2001-12-26|947268892251|young_adults_female_urban.json|e34af662e4f1e57bd4b8d094f37900be|2022-01-29|22:49:49|1643496589|kids_pets|84.74|0|fraud_Breitenberg-Hermiston|37.508552|-94.973509
406-83-7518|4238849696532874|Ann|Williams|F|26916 Carlson Mountain|Joplin|MO|64804|37.0465|-94.5103|72274|Seismic interpreter|2001-12-26|947268892251|young_adults_female_urban.json|5032d3730b7e9d89a7f6ef217e62e529|2022-01-26|23:31:17|1643239877|home|241.34|0|fraud_White and Sons|37.749926|-93.848838
406-83-7518|4238849696532874|Ann|Williams|F|26916 Carlson Mountain|Joplin|MO|64804|37.0465|-94.5103|72274|Seismic interpreter|2001-12-26|947268892251|young_adults_female_urban.json|d6b52a74960c37a1d600fa12da7a8d4d|2022-01-30|16:13:03|1643559183|personal_care|14.71|0|fraud_Zulauf LLC|36.219826|-93.747038
406-83-7518|4238849696532874|Ann|Williams|F|26916 Carlson Mountain|Joplin|MO|64804|37.0465|-94.5103|72274|Seismic interpreter|2001-12-26|947268892251|young_adults_female_urban.json|10b949ac38669025131cc362a724298e|2022-01-21|12:40:14|1642768814|entertainment|47.20|0|fraud_Hoppe, Harris and Bednar|36.534227|-94.580883
406-83-7518|4238849696532874|Ann|Williams|F|26916 Carlson Mountain|Joplin|MO|64804|37.0465|-94.5103|72274|Seismic interpreter|2001-12-26|947268892251|young_adults_female_urban.json|75d785f82d32eaab89ab1f6f398006ed|2022-01-15|16:03:34|1642262614|shopping_pos|32.92|0|fraud_Bins, Balistreri and Beatty|37.267163|-94.752321
406-83-7518|4238849696532874|Ann|Williams|F|26916 Carlson Mountain|Joplin|MO|64804|37.0465|-94.5103|72274|Seismic interpreter|2001-12-26|947268892251|young_adults_female_urban.json|6f8dddb8a26b3f030b4abfdd203f5e0a|2022-01-16|18:28:13|1642357693|shopping_pos|63.97|0|fraud_Douglas, Schneider and Turner|36.103900|-93.808394
406-83-7518|4238849696532874|Ann|Williams|F|26916 Carlson Mountain|Joplin|MO|64804|37.0465|-94.5103|72274|Seismic interpreter|2001-12-26|947268892251|young_adults_female_urban.json|ee7c990fed707bc1a8258bc9f4903fa8|2022-01-25|22:49:34|1643150974|home|121.75|0|fraud_Medhurst Inc|36.410180|-95.086060
406-83-7518|4238849696532874|Ann|Williams|F|26916 Carlson Mountain|Joplin|MO|64804|37.0465|-94.5103|72274|Seismic interpreter|2001-12-26|947268892251|young_adults_female_urban.json|bd771913927c5b1e70a7d700404fde1b|2022-01-16|14:30:17|1642343417|shopping_pos|4.87|0|fraud_Barrows PLC|37.807140|-94.107932
406-83-7518|4238849696532874|Ann|Williams|F|26916 Carlson Mountain|Joplin|MO|64804|37.0465|-94.5103|72274|Seismic interpreter|2001-12-26|947268892251|young_adults_female_urban.json|56d0f55757cedcfd63ff3e86efc47d52|2022-01-24|18:57:04|1643050624|home|16.16|0|fraud_Gulgowski LLC|36.599037|-95.489998
406-83-7518|4238849696532874|Ann|Williams|F|26916 Carlson Mountain|Joplin|MO|64804|37.0465|-94.5103|72274|Seismic interpreter|2001-12-26|947268892251|young_adults_female_urban.json|8fc7f793a557cf2fc11f18f54a248173|2022-01-17|20:06:57|1642450017|entertainment|24.87|0|fraud_Dibbert and Sons|37.942625|-95.339074
406-83-7518|4238849696532874|Ann|Williams|F|26916 Carlson Mountain|Joplin|MO|64804|37.0465|-94.5103|72274|Seismic interpreter|2001-12-26|947268892251|young_adults_female_urban.json|d5891c83ad4f93758b15a99cb9edd68e|2022-01-21|14:26:19|1642775179|food_dining|57.36|0|fraud_Runte-Mohr|37.486649|-94.533144
406-83-7518|4238849696532874|Ann|Williams|F|26916 Carlson Mountain|Joplin|MO|64804|37.0465|-94.5103|72274|Seismic interpreter|2001-12-26|947268892251|young_adults_female_urban.json|6bbcc60c94b83d44add73dc3d0bb12dd|2022-01-13|22:14:07|1642112047|shopping_net|127.95|0|fraud_Kihn, Abernathy and Douglas|37.562829|-94.129081
406-83-7518|4238849696532874|Ann|Williams|F|26916 Carlson Mountain|Joplin|MO|64804|37.0465|-94.5103|72274|Seismic interpreter|2001-12-26|947268892251|young_adults_female_urban.json|e951f3a668673ec8960f858994f7a248|2022-01-15|23:39:56|1642289996|shopping_pos|10.43|0|fraud_Goyette, Howell and Collier|37.338306|-94.528657
406-83-7518|4238849696532874|Ann|Williams|F|26916 Carlson Mountain|Joplin|MO|64804|37.0465|-94.5103|72274|Seismic interpreter|2001-12-26|947268892251|young_adults_female_urban.json|da65a7930dcb8ba625cd4e51617a9ef6|2022-01-22|17:57:01|1642874221|health_fitness|5.41|0|fraud_Torp, Muller and Borer|37.632366|-95.324193
406-83-7518|4238849696532874|Ann|Williams|F|26916 Carlson Mountain|Joplin|MO|64804|37.0465|-94.5103|72274|Seismic interpreter|2001-12-26|947268892251|young_adults_female_urban.json|9b1ce394761eaa71405fc6a3c53033fa|2022-01-09|14:53:06|1641739986|misc_pos|6.25|0|fraud_Turcotte-Halvorson|36.489693|-94.126726
406-83-7518|4238849696532874|Ann|Williams|F|26916 Carlson Mountain|Joplin|MO|64804|37.0465|-94.5103|72274|Seismic interpreter|2001-12-26|947268892251|young_adults_female_urban.json|ad6cc50a6e600e071f4a381cfeec2ada|2022-01-10|14:19:37|1641824377|misc_pos|6.92|0|fraud_Herzog Ltd|36.658912|-94.347189
406-83-7518|4238849696532874|Ann|Williams|F|26916 Carlson Mountain|Joplin|MO|64804|37.0465|-94.5103|72274|Seismic interpreter|2001-12-26|947268892251|young_adults_female_urban.json|a88234d3db93cbc0c4fba7ffda399f62|2022-01-14|17:23:13|1642180993|shopping_net|49.09|0|fraud_Streich, Dietrich and Barton|36.993021|-94.448456
406-83-7518|4238849696532874|Ann|Williams|F|26916 Carlson Mountain|Joplin|MO|64804|37.0465|-94.5103|72274|Seismic interpreter|2001-12-26|947268892251|young_adults_female_urban.json|a68437c56da2c432c5e2af08242bfb18|2022-01-10|14:46:29|1641825989|misc_pos|5.08|0|fraud_Herman Inc|36.897508|-94.018429
406-83-7518|4238849696532874|Ann|Williams|F|26916 Carlson Mountain|Joplin|MO|64804|37.0465|-94.5103|72274|Seismic interpreter|2001-12-26|947268892251|young_adults_female_urban.json|d0966479bbe6ae65af3926e47729b105|2022-01-21|15:51:39|1642780299|food_dining|6.93|0|fraud_Lesch, D'Amore and Brown|36.708083|-94.104590
406-83-7518|4238849696532874|Ann|Williams|F|26916 Carlson Mountain|Joplin|MO|64804|37.0465|-94.5103|72274|Seismic interpreter|2001-12-26|947268892251|young_adults_female_urban.json|8815ed756695c5e5fd443376ec52715f|2022-01-16|18:35:55|1642358155|entertainment|2.61|0|fraud_Grimes LLC|36.588333|-95.007493
406-83-7518|4238849696532874|Ann|Williams|F|26916 Carlson Mountain|Joplin|MO|64804|37.0465|-94.5103|72274|Seismic interpreter|2001-12-26|947268892251|young_adults_female_urban.json|393f6c2b7b0b8d73c785cecd8008176c|2022-01-10|16:55:05|1641833705|misc_pos|10.21|0|fraud_McDermott-Rice|36.287812|-95.125131
406-83-7518|4238849696532874|Ann|Williams|F|26916 Carlson Mountain|Joplin|MO|64804|37.0465|-94.5103|72274|Seismic interpreter|2001-12-26|947268892251|young_adults_female_urban.json|c615f5c3334f4fb9c93bdb41e3dd1c89|2022-01-21|18:46:22|1642790782|food_dining|23.18|0|fraud_Abernathy and Sons|36.285609|-94.438572
406-83-7518|4238849696532874|Ann|Williams|F|26916 Carlson Mountain|Joplin|MO|64804|37.0465|-94.5103|72274|Seismic interpreter|2001-12-26|947268892251|young_adults_female_urban.json|a2cbc2ee16f0ea829c4930643f7074b4|2022-01-26|18:54:36|1643223276|home|1.81|0|fraud_Stark-Koss|37.570879|-95.140000
406-83-7518|4238849696532874|Ann|Williams|F|26916 Carlson Mountain|Joplin|MO|64804|37.0465|-94.5103|72274|Seismic interpreter|2001-12-26|947268892251|young_adults_female_urban.json|d193b089e39d8c8169e9874ad5ae6f3d|2022-01-07|18:45:53|1641581153|grocery_pos|13.91|0|fraud_Doyle Ltd|36.479269|-94.541903
406-83-7518|4238849696532874|Ann|Williams|F|26916 Carlson Mountain|Joplin|MO|64804|37.0465|-94.5103|72274|Seismic interpreter|2001-12-26|947268892251|young_adults_female_urban.json|2fbe6779b969c6345ae7200c4ca3c8e6|2022-01-29|16:07:28|1643472448|kids_pets|3.93|0|fraud_Fahey Inc|37.495670|-93.557086
406-83-7518|4238849696532874|Ann|Williams|F|26916 Carlson Mountain|Joplin|MO|64804|37.0465|-94.5103|72274|Seismic interpreter|2001-12-26|947268892251|young_adults_female_urban.json|57b73a4ab141afa8568b33deeb7d0439|2022-01-30|17:30:16|1643563816|personal_care|35.94|0|fraud_Erdman-Schaden|37.095774|-94.944303
406-83-7518|4238849696532874|Ann|Williams|F|26916 Carlson Mountain|Joplin|MO|64804|37.0465|-94.5103|72274|Seismic interpreter|2001-12-26|947268892251|young_adults_female_urban.json|1a924e4cf81d28bc97292abcaf677fd3|2022-01-11|22:53:58|1641941638|shopping_net|6.86|0|fraud_Hills-Witting|36.247552|-95.122065
406-83-7518|4238849696532874|Ann|Williams|F|26916 Carlson Mountain|Joplin|MO|64804|37.0465|-94.5103|72274|Seismic interpreter|2001-12-26|947268892251|young_adults_female_urban.json|5a8674b6c73c24c0b14c88d057a36465|2022-01-13|17:57:05|1642096625|shopping_net|2.93|0|fraud_Medhurst PLC|36.501466|-95.151417
406-83-7518|4238849696532874|Ann|Williams|F|26916 Carlson Mountain|Joplin|MO|64804|37.0465|-94.5103|72274|Seismic interpreter|2001-12-26|947268892251|young_adults_female_urban.json|0454b3c81ffd304b3f1e3b86196889bb|2022-01-15|13:08:45|1642252125|shopping_pos|15.36|0|fraud_Swaniawski, Lowe and Robel|36.074797|-94.442030
406-83-7518|4238849696532874|Ann|Williams|F|26916 Carlson Mountain|Joplin|MO|64804|37.0465|-94.5103|72274|Seismic interpreter|2001-12-26|947268892251|young_adults_female_urban.json|6591518519491016a738053f7250e671|2022-01-15|22:39:37|1642286377|shopping_pos|71.49|0|fraud_Botsford Ltd|36.595123|-93.561710
406-83-7518|4238849696532874|Ann|Williams|F|26916 Carlson Mountain|Joplin|MO|64804|37.0465|-94.5103|72274|Seismic interpreter|2001-12-26|947268892251|young_adults_female_urban.json|5a186465353f7228d0f2dec53f3460b0|2022-01-21|15:33:54|1642779234|food_dining|98.03|0|fraud_Deckow-Dare|37.153218|-94.115465
406-83-7518|4238849696532874|Ann|Williams|F|26916 Carlson Mountain|Joplin|MO|64804|37.0465|-94.5103|72274|Seismic interpreter|2001-12-26|947268892251|young_adults_female_urban.json|b928530e31719c4c590457c13116af50|2022-01-22|18:45:19|1642877119|food_dining|23.94|0|fraud_Kilback LLC|36.299059|-93.773378
406-83-7518|4238849696532874|Ann|Williams|F|26916 Carlson Mountain|Joplin|MO|64804|37.0465|-94.5103|72274|Seismic interpreter|2001-12-26|947268892251|young_adults_female_urban.json|57eb1574df3d58f4056b05dcb3a476bd|2022-01-28|15:15:52|1643382952|kids_pets|21.50|0|fraud_Hauck, Dietrich and Funk|37.028257|-93.764861
406-83-7518|4238849696532874|Ann|Williams|F|26916 Carlson Mountain|Joplin|MO|64804|37.0465|-94.5103|72274|Seismic interpreter|2001-12-26|947268892251|young_adults_female_urban.json|c9bf5f62dfcac39353bde086e54d3099|2022-01-26|19:58:49|1643227129|home|19.51|0|fraud_Gaylord-Powlowski|37.194628|-94.571506
406-83-7518|4238849696532874|Ann|Williams|F|26916 Carlson Mountain|Joplin|MO|64804|37.0465|-94.5103|72274|Seismic interpreter|2001-12-26|947268892251|young_adults_female_urban.json|59a1005011871b26c604e2a4f4667697|2022-01-30|18:23:25|1643567005|personal_care|127.92|0|fraud_Berge, Kautzer and Harris|36.927438|-95.141573
406-83-7518|4238849696532874|Ann|Williams|F|26916 Carlson Mountain|Joplin|MO|64804|37.0465|-94.5103|72274|Seismic interpreter|2001-12-26|947268892251|young_adults_female_urban.json|f10f5b05b226b041fc89adb4c6b379bd|2022-01-30|20:19:22|1643573962|travel|8.46|0|fraud_Hahn, Douglas and Schowalter|36.149253|-93.628173
406-83-7518|4238849696532874|Ann|Williams|F|26916 Carlson Mountain|Joplin|MO|64804|37.0465|-94.5103|72274|Seismic interpreter|2001-12-26|947268892251|young_adults_female_urban.json|85dc54f7fac03993f2486fb00a8c93fb|2022-01-13|15:23:15|1642087395|shopping_net|25.51|0|fraud_Kuhic LLC|37.001958|-93.866069
406-83-7518|4238849696532874|Ann|Williams|F|26916 Carlson Mountain|Joplin|MO|64804|37.0465|-94.5103|72274|Seismic interpreter|2001-12-26|947268892251|young_adults_female_urban.json|57a63a6ef07e43b17a8ee2a927964a28|2022-01-08|16:52:59|1641660779|grocery_pos|28.17|0|fraud_Schamberger-O'Keefe|36.847915|-95.362136
406-83-7518|4238849696532874|Ann|Williams|F|26916 Carlson Mountain|Joplin|MO|64804|37.0465|-94.5103|72274|Seismic interpreter|2001-12-26|947268892251|young_adults_female_urban.json|0376c882d0051dfaabaf62201532913f|2022-01-09|14:51:57|1641739917|misc_pos|29.93|0|fraud_Wiza LLC|37.305391|-95.403082
406-83-7518|4238849696532874|Ann|Williams|F|26916 Carlson Mountain|Joplin|MO|64804|37.0465|-94.5103|72274|Seismic interpreter|2001-12-26|947268892251|young_adults_female_urban.json|3de25133e507009e17a7d33d05601fb7|2022-01-12|12:35:21|1641990921|shopping_net|71.86|0|fraud_Boyer-Reichert|36.344895|-94.384621
406-83-7518|4238849696532874|Ann|Williams|F|26916 Carlson Mountain|Joplin|MO|64804|37.0465|-94.5103|72274|Seismic interpreter|2001-12-26|947268892251|young_adults_female_urban.json|ce62a6c4da8688712d20f503d7f94797|2022-01-22|16:40:48|1642869648|health_fitness|170.77|0|fraud_Feil-Morar|36.654171|-93.522464
406-83-7518|4238849696532874|Ann|Williams|F|26916 Carlson Mountain|Joplin|MO|64804|37.0465|-94.5103|72274|Seismic interpreter|2001-12-26|947268892251|young_adults_female_urban.json|faac0a06b0c7ff5147aecaf7ff525135|2022-01-28|20:28:37|1643401717|kids_pets|43.06|0|fraud_Metz, Russel and Metz|36.283403|-93.981413
406-83-7518|4238849696532874|Ann|Williams|F|26916 Carlson Mountain|Joplin|MO|64804|37.0465|-94.5103|72274|Seismic interpreter|2001-12-26|947268892251|young_adults_female_urban.json|e99a2500e5094d6dfd6afebe59b7f328|2022-02-01|20:16:01|1643746561|travel|124.69|0|fraud_Leannon-Nikolaus|37.259135|-93.928818
406-83-7518|4238849696532874|Ann|Williams|F|26916 Carlson Mountain|Joplin|MO|64804|37.0465|-94.5103|72274|Seismic interpreter|2001-12-26|947268892251|young_adults_female_urban.json|98421daebe968b83b2863a39057fc8e8|2022-01-13|16:13:23|1642090403|shopping_net|12.23|0|fraud_Little, Gutmann and Lynch|36.497874|-94.465155
406-83-7518|4238849696532874|Ann|Williams|F|26916 Carlson Mountain|Joplin|MO|64804|37.0465|-94.5103|72274|Seismic interpreter|2001-12-26|947268892251|young_adults_female_urban.json|282e598aac866f0477e1ef7220263116|2022-01-29|22:31:43|1643495503|personal_care|59.15|0|fraud_Rolfson-Kunde|36.947529|-94.624858
406-83-7518|4238849696532874|Ann|Williams|F|26916 Carlson Mountain|Joplin|MO|64804|37.0465|-94.5103|72274|Seismic interpreter|2001-12-26|947268892251|young_adults_female_urban.json|63f6c5250d7945d3efbdb19c422cad9d|2022-01-25|16:21:47|1643127707|home|112.77|0|fraud_Wuckert-Goldner|37.766833|-93.530237
406-83-7518|4238849696532874|Ann|Williams|F|26916 Carlson Mountain|Joplin|MO|64804|37.0465|-94.5103|72274|Seismic interpreter|2001-12-26|947268892251|young_adults_female_urban.json|7e52d9778112e4146820af8841d3bc98|2022-01-25|21:55:05|1643147705|home|4.07|0|fraud_Botsford and Sons|37.265762|-94.030121
406-83-7518|4238849696532874|Ann|Williams|F|26916 Carlson Mountain|Joplin|MO|64804|37.0465|-94.5103|72274|Seismic interpreter|2001-12-26|947268892251|young_adults_female_urban.json|6a6be87bc1a2c57d67e0f6e85c710efa|2022-01-29|20:57:59|1643489879|personal_care|62.71|0|fraud_Medhurst, Cartwright and Ebert|37.941680|-95.094724
406-83-7518|4238849696532874|Ann|Williams|F|26916 Carlson Mountain|Joplin|MO|64804|37.0465|-94.5103|72274|Seismic interpreter|2001-12-26|947268892251|young_adults_female_urban.json|fde550e7b855cce2a07601bf0cd8aa78|2022-01-29|21:50:13|1643493013|kids_pets|132.62|0|fraud_Beer-Jast|36.468550|-94.189444
406-83-7518|4238849696532874|Ann|Williams|F|26916 Carlson Mountain|Joplin|MO|64804|37.0465|-94.5103|72274|Seismic interpreter|2001-12-26|947268892251|young_adults_female_urban.json|120a67ec3c9b4d2823b3973e78127d9c|2022-01-13|17:30:56|1642095056|shopping_net|48.22|0|fraud_Romaguera, Cruickshank and Greenholt|36.360614|-95.162673
406-83-7518|4238849696532874|Ann|Williams|F|26916 Carlson Mountain|Joplin|MO|64804|37.0465|-94.5103|72274|Seismic interpreter|2001-12-26|947268892251|young_adults_female_urban.json|938263e76f5f953e32608198e2abe979|2022-01-22|22:01:26|1642888886|food_dining|177.55|0|fraud_Jast and Sons|36.196630|-95.504949
406-83-7518|4238849696532874|Ann|Williams|F|26916 Carlson Mountain|Joplin|MO|64804|37.0465|-94.5103|72274|Seismic interpreter|2001-12-26|947268892251|young_adults_female_urban.json|553c38afd9d12bdd9d94d6511a74dd49|2022-01-14|16:44:15|1642178655|shopping_net|121.11|0|fraud_Kozey-Boehm|36.947507|-94.322678
406-83-7518|4238849696532874|Ann|Williams|F|26916 Carlson Mountain|Joplin|MO|64804|37.0465|-94.5103|72274|Seismic interpreter|2001-12-26|947268892251|young_adults_female_urban.json|74bd63281255ba8c1d65a406de21e8c3|2022-01-16|12:46:17|1642337177|entertainment|18.12|0|fraud_Hoppe, Harris and Bednar|36.629019|-95.047348
406-83-7518|4238849696532874|Ann|Williams|F|26916 Carlson Mountain|Joplin|MO|64804|37.0465|-94.5103|72274|Seismic interpreter|2001-12-26|947268892251|young_adults_female_urban.json|448a44a37f159bab193bc8c9c232dc29|2022-01-12|23:45:48|1642031148|shopping_net|17.09|0|fraud_Bashirian Group|37.460412|-94.104325
406-83-7518|4238849696532874|Ann|Williams|F|26916 Carlson Mountain|Joplin|MO|64804|37.0465|-94.5103|72274|Seismic interpreter|2001-12-26|947268892251|young_adults_female_urban.json|1c95a37e462851fc06240f03da90da58|2022-01-15|22:55:58|1642287358|shopping_pos|99.02|0|fraud_Beier-Hyatt|36.954563|-94.135530
406-83-7518|4238849696532874|Ann|Williams|F|26916 Carlson Mountain|Joplin|MO|64804|37.0465|-94.5103|72274|Seismic interpreter|2001-12-26|947268892251|young_adults_female_urban.json|1139a756c38177ddfd3d2d9ffb531052|2022-01-13|15:40:58|1642088458|shopping_net|17.35|0|fraud_Kihn, Abernathy and Douglas|37.894322|-93.934644
406-83-7518|4238849696532874|Ann|Williams|F|26916 Carlson Mountain|Joplin|MO|64804|37.0465|-94.5103|72274|Seismic interpreter|2001-12-26|947268892251|young_adults_female_urban.json|f2369aa22d4ba873fb97bf0e2f49f205|2022-01-15|18:29:56|1642271396|shopping_pos|19.63|0|fraud_Willms, Kris and Bergnaum|37.296616|-94.187934
406-83-7518|4238849696532874|Ann|Williams|F|26916 Carlson Mountain|Joplin|MO|64804|37.0465|-94.5103|72274|Seismic interpreter|2001-12-26|947268892251|young_adults_female_urban.json|8a0b1de2893090cb20e418a43ccd0cd1|2022-01-07|15:06:12|1641567972|grocery_pos|9.74|0|fraud_Osinski, Ledner and Leuschke|37.913837|-94.660022
406-83-7518|4238849696532874|Ann|Williams|F|26916 Carlson Mountain|Joplin|MO|64804|37.0465|-94.5103|72274|Seismic interpreter|2001-12-26|947268892251|young_adults_female_urban.json|10739456c89b54c49082a7ef82b50055|2022-01-23|17:12:40|1642957960|health_fitness|68.46|0|fraud_Carroll PLC|37.135625|-94.215031
406-83-7518|4238849696532874|Ann|Williams|F|26916 Carlson Mountain|Joplin|MO|64804|37.0465|-94.5103|72274|Seismic interpreter|2001-12-26|947268892251|young_adults_female_urban.json|2805ecb28b0b1642307325b529fe1901|2022-01-26|22:31:48|1643236308|home|28.64|0|fraud_Ernser-Feest|37.863323|-93.857038
406-83-7518|4238849696532874|Ann|Williams|F|26916 Carlson Mountain|Joplin|MO|64804|37.0465|-94.5103|72274|Seismic interpreter|2001-12-26|947268892251|young_adults_female_urban.json|c5d9d1ccfff5bdb9675f301d568a4393|2022-01-07|15:32:45|1641569565|grocery_pos|74.52|0|fraud_Goldner, Kovacek and Abbott|36.189320|-95.178454
406-83-7518|4238849696532874|Ann|Williams|F|26916 Carlson Mountain|Joplin|MO|64804|37.0465|-94.5103|72274|Seismic interpreter|2001-12-26|947268892251|young_adults_female_urban.json|954083d463f02e3de1eb5cd8a639012b|2022-01-08|14:43:07|1641652987|misc_net|82.25|0|fraud_Stehr, Jewess and Schimmel|36.661724|-94.012385
406-83-7518|4238849696532874|Ann|Williams|F|26916 Carlson Mountain|Joplin|MO|64804|37.0465|-94.5103|72274|Seismic interpreter|2001-12-26|947268892251|young_adults_female_urban.json|7ab66fe6cfbfba2ebb42cdc4e6bf6336|2022-01-29|17:12:59|1643476379|personal_care|2.08|0|fraud_Prosacco LLC|37.184914|-94.933079
406-83-7518|4238849696532874|Ann|Williams|F|26916 Carlson Mountain|Joplin|MO|64804|37.0465|-94.5103|72274|Seismic interpreter|2001-12-26|947268892251|young_adults_female_urban.json|e1172a6f06f1cb0048e49e0f609c6215|2022-01-16|14:47:50|1642344470|shopping_pos|116.60|0|fraud_Jast-McDermott|36.295207|-94.132944
406-83-7518|4238849696532874|Ann|Williams|F|26916 Carlson Mountain|Joplin|MO|64804|37.0465|-94.5103|72274|Seismic interpreter|2001-12-26|947268892251|young_adults_female_urban.json|311bad93f209e24e156c432caab098c8|2022-01-30|18:56:04|1643568964|travel|32.61|0|fraud_Satterfield-Lowe|37.445967|-93.624948
406-83-7518|4238849696532874|Ann|Williams|F|26916 Carlson Mountain|Joplin|MO|64804|37.0465|-94.5103|72274|Seismic interpreter|2001-12-26|947268892251|young_adults_female_urban.json|e05e0c2c9572c4a740b8d6ae2d2ebeb9|2022-01-12|16:22:13|1642004533|shopping_net|2.80|0|fraud_Price Inc|37.047444|-94.522710
406-83-7518|4238849696532874|Ann|Williams|F|26916 Carlson Mountain|Joplin|MO|64804|37.0465|-94.5103|72274|Seismic interpreter|2001-12-26|947268892251|young_adults_female_urban.json|46a754a3a55681dd9ba558551a7351a8|2022-01-28|19:51:31|1643399491|kids_pets|2.41|0|fraud_Ullrich Ltd|36.207384|-95.430578
406-83-7518|4238849696532874|Ann|Williams|F|26916 Carlson Mountain|Joplin|MO|64804|37.0465|-94.5103|72274|Seismic interpreter|2001-12-26|947268892251|young_adults_female_urban.json|39e1816cd0fad393cfc2b3e56855d352|2022-01-22|16:55:07|1642870507|food_dining|10.92|0|fraud_Zboncak LLC|36.910557|-94.865657
406-83-7518|4238849696532874|Ann|Williams|F|26916 Carlson Mountain|Joplin|MO|64804|37.0465|-94.5103|72274|Seismic interpreter|2001-12-26|947268892251|young_adults_female_urban.json|bc37a5747a14b1c8a49cf9ac51e7b32e|2022-01-08|15:49:58|1641656998|misc_net|9.69|0|fraud_Johnson, Runolfsdottir and Mayer|36.547236|-95.327646
406-83-7518|4238849696532874|Ann|Williams|F|26916 Carlson Mountain|Joplin|MO|64804|37.0465|-94.5103|72274|Seismic interpreter|2001-12-26|947268892251|young_adults_female_urban.json|2c68108a4d4ce6c2633c602239237a95|2022-01-25|17:56:23|1643133383|home|4.12|0|fraud_Ernser-Feest|37.970322|-93.838383
406-83-7518|4238849696532874|Ann|Williams|F|26916 Carlson Mountain|Joplin|MO|64804|37.0465|-94.5103|72274|Seismic interpreter|2001-12-26|947268892251|young_adults_female_urban.json|b22077adf2ca11eac18c8bb688a58952|2022-01-08|12:58:41|1641646721|misc_net|85.08|0|fraud_Greenfelder, Bartoletti and Davis|37.196898|-93.608727
406-83-7518|4238849696532874|Ann|Williams|F|26916 Carlson Mountain|Joplin|MO|64804|37.0465|-94.5103|72274|Seismic interpreter|2001-12-26|947268892251|young_adults_female_urban.json|dc2b1251b5c60b03c35b2398ec29c45b|2022-01-21|13:12:09|1642770729|food_dining|1.50|0|fraud_Leannon-Ward|38.045645|-94.165737
406-83-7518|4238849696532874|Ann|Williams|F|26916 Carlson Mountain|Joplin|MO|64804|37.0465|-94.5103|72274|Seismic interpreter|2001-12-26|947268892251|young_adults_female_urban.json|e07b5b447ce6fa436c8a5e88f6c12b6f|2022-01-15|13:51:46|1642254706|shopping_pos|7.73|0|fraud_Pfeffer and Sons|36.585522|-95.429837
406-83-7518|4238849696532874|Ann|Williams|F|26916 Carlson Mountain|Joplin|MO|64804|37.0465|-94.5103|72274|Seismic interpreter|2001-12-26|947268892251|young_adults_female_urban.json|2c69062f54415a4686f6df22fd89945d|2022-01-17|21:05:14|1642453514|entertainment|1.30|0|fraud_Padberg-Rogahn|37.559038|-94.569298
406-83-7518|4238849696532874|Ann|Williams|F|26916 Carlson Mountain|Joplin|MO|64804|37.0465|-94.5103|72274|Seismic interpreter|2001-12-26|947268892251|young_adults_female_urban.json|0682df183f84eda6734acee68864e84d|2022-01-08|14:25:31|1641651931|misc_net|86.12|0|fraud_Lebsack and Sons|37.349519|-93.678154
